{
  "roc_auc": 0.9761731045840196,
  "average_precision": 0.8383890308441488,
  "brier_score": 0.061359174739596935,
  "classification_report_default_threshold": {
    "0": {
      "precision": 0.988135593220339,
      "recall": 0.9357945425361156,
      "f1-score": 0.9612530915086562,
      "support": 623.0
    },
    "1": {
      "precision": 0.6363636363636364,
      "recall": 0.9090909090909091,
      "f1-score": 0.7486631016042781,
      "support": 77.0
    },
    "accuracy": 0.9328571428571428,
    "macro avg": {
      "precision": 0.8122496147919877,
      "recall": 0.9224427258135124,
      "f1-score": 0.8549580965564672,
      "support": 700.0
    },
    "weighted avg": {
      "precision": 0.9494406779661017,
      "recall": 0.9328571428571428,
      "f1-score": 0.9378681926191745,
      "support": 700.0
    }
  },
  "n_train_samples": 2800,
  "n_test_samples": 700,
  "positive_rate_train": 0.11,
  "positive_rate_test": 0.11,
  "note": "This synthetic demo dataset is highly separable. Probability metrics should be interpreted as workflow checks, not real-world fraud benchmark performance."
}