{
  "purpose": "Threshold policy candidates for fraud-risk review.",
  "recommended_policy": "cost_optimized",
  "selected_threshold": {
    "threshold": 0.35,
    "tp": 75,
    "fp": 81,
    "tn": 542,
    "fn": 2,
    "precision": 0.4807692307692308,
    "recall": 0.974025974025974,
    "f1": 0.6437768240343347,
    "false_positive_rate": 0.13001605136436598,
    "specificity": 0.869983948635634,
    "flagged_rate": 0.22285714285714286,
    "cost": 101.0,
    "normalized_cost": 0.1442857142857143
  },
  "cost_assumptions": {
    "false_positive_cost": 1.0,
    "false_negative_cost": 10.0,
    "interpretation": "A false negative is configured as more expensive because missing fraud is usually more costly than reviewing a legitimate transaction."
  },
  "policy_candidates": [
    {
      "policy": "cost_optimized",
      "rationale": "Minimizes expected business cost under the configured false-positive and false-negative costs.",
      "threshold": 0.35,
      "precision": 0.4807692307692308,
      "recall": 0.974025974025974,
      "f1": 0.6437768240343347,
      "false_positive_rate": 0.13001605136436598,
      "specificity": 0.869983948635634,
      "flagged_rate": 0.22285714285714286,
      "cost": 101.0,
      "normalized_cost": 0.1442857142857143,
      "tp": 75,
      "fp": 81,
      "tn": 542,
      "fn": 2
    },
    {
      "policy": "balanced_f1",
      "rationale": "Maximizes F1 to balance precision and recall.",
      "threshold": 0.6,
      "precision": 0.7111111111111111,
      "recall": 0.8311688311688312,
      "f1": 0.7664670658682636,
      "false_positive_rate": 0.04173354735152488,
      "specificity": 0.9582664526484751,
      "flagged_rate": 0.12857142857142856,
      "cost": 156.0,
      "normalized_cost": 0.22285714285714286,
      "tp": 64,
      "fp": 26,
      "tn": 597,
      "fn": 13
    },
    {
      "policy": "high_recall",
      "rationale": "Maintains recall of at least 95% while minimizing cost.",
      "threshold": 0.35,
      "precision": 0.4807692307692308,
      "recall": 0.974025974025974,
      "f1": 0.6437768240343347,
      "false_positive_rate": 0.13001605136436598,
      "specificity": 0.869983948635634,
      "flagged_rate": 0.22285714285714286,
      "cost": 101.0,
      "normalized_cost": 0.1442857142857143,
      "tp": 75,
      "fp": 81,
      "tn": 542,
      "fn": 2
    },
    {
      "policy": "high_precision",
      "rationale": "Maintains precision of at least 70% while preserving as much recall as possible.",
      "threshold": 0.6,
      "precision": 0.7111111111111111,
      "recall": 0.8311688311688312,
      "f1": 0.7664670658682636,
      "false_positive_rate": 0.04173354735152488,
      "specificity": 0.9582664526484751,
      "flagged_rate": 0.12857142857142856,
      "cost": 156.0,
      "normalized_cost": 0.22285714285714286,
      "tp": 64,
      "fp": 26,
      "tn": 597,
      "fn": 13
    },
    {
      "policy": "review_capacity",
      "rationale": "Keeps the flagged/review rate at or below 10%.",
      "threshold": 0.7,
      "precision": 0.7692307692307693,
      "recall": 0.6493506493506493,
      "f1": 0.7042253521126761,
      "false_positive_rate": 0.024077046548956663,
      "specificity": 0.9759229534510433,
      "flagged_rate": 0.09285714285714286,
      "cost": 285.0,
      "normalized_cost": 0.40714285714285714,
      "tp": 50,
      "fp": 15,
      "tn": 608,
      "fn": 27
    }
  ],
  "notes": [
    "These policies are decision-support artifacts, not automatic approval rules.",
    "Thresholds should be reviewed with business, compliance, and operations stakeholders before deployment.",
    "The demo dataset is synthetic; threshold values should not be reused for real banking data without validation."
  ]
}