{
  "threshold": 0.35,
  "tp": 75,
  "fp": 81,
  "tn": 542,
  "fn": 2,
  "precision": 0.4807692307692308,
  "recall": 0.974025974025974,
  "f1": 0.6437768240343347,
  "false_positive_rate": 0.13001605136436598,
  "specificity": 0.869983948635634,
  "flagged_rate": 0.22285714285714286,
  "cost": 101.0,
  "normalized_cost": 0.1442857142857143
}